{"errors":[],"warnings":[],"namedChunkGroups":{"app":{"chunks":[10,2],"assets":["webpack-runtime-0cd6e42ed30a874ee516.js","webpack-runtime-0cd6e42ed30a874ee516.js.map","app-c56d0018986086f96807.js","app-c56d0018986086f96807.js.map"],"children":{},"childAssets":{}},"component---src-pages-404-js":{"chunks":[0,1,3],"assets":["0-693bca45f286ab87a562.js","0-693bca45f286ab87a562.js.map","1.57633bfdcfa46199654b.css","1-0844dad83056777be838.js","1-0844dad83056777be838.js.map","component---src-pages-404-js.0d11b386d24ab609b2e2.css","component---src-pages-404-js-4100d87d5cc198c80fb7.js","component---src-pages-404-js-4100d87d5cc198c80fb7.js.map"],"children":{},"childAssets":{}},"component---src-pages-about-js":{"chunks":[0,1,4],"assets":["0-693bca45f286ab87a562.js","0-693bca45f286ab87a562.js.map","1.57633bfdcfa46199654b.css","1-0844dad83056777be838.js","1-0844dad83056777be838.js.map","component---src-pages-about-js.dc47f3475afd7dbfd330.css","component---src-pages-about-js-a53be1085006e2f0750a.js","component---src-pages-about-js-a53be1085006e2f0750a.js.map"],"children":{},"childAssets":{}},"component---src-pages-gallery-js":{"chunks":[0,12,1,5],"assets":["0-693bca45f286ab87a562.js","0-693bca45f286ab87a562.js.map","12.44c4bf26a1924d9994f3.css","12-aa4255b92ad1a70f595d.js","12-aa4255b92ad1a70f595d.js.map","1.57633bfdcfa46199654b.css","1-0844dad83056777be838.js","1-0844dad83056777be838.js.map","component---src-pages-gallery-js.2b34b440fb6831c2ab35.css","component---src-pages-gallery-js-c155dbcb4bcb59be7825.js","component---src-pages-gallery-js-c155dbcb4bcb59be7825.js.map"],"children":{},"childAssets":{}},"component---src-pages-index-js":{"chunks":[0,1,6],"assets":["0-693bca45f286ab87a562.js","0-693bca45f286ab87a562.js.map","1.57633bfdcfa46199654b.css","1-0844dad83056777be838.js","1-0844dad83056777be838.js.map","component---src-pages-index-js.4913b07e2885808baeb6.css","component---src-pages-index-js-3974ab701f8632918dfa.js","component---src-pages-index-js-3974ab701f8632918dfa.js.map"],"children":{},"childAssets":{}},"component---src-pages-register-js":{"chunks":[0,11,1,7],"assets":["0-693bca45f286ab87a562.js","0-693bca45f286ab87a562.js.map","11-7941274deaa7ddba534d.js","11-7941274deaa7ddba534d.js.map","1.57633bfdcfa46199654b.css","1-0844dad83056777be838.js","1-0844dad83056777be838.js.map","component---src-pages-register-js.b167a942710f5f6f040f.css","component---src-pages-register-js-ec9edbba7a3cd74f5f82.js","component---src-pages-register-js-ec9edbba7a3cd74f5f82.js.map"],"children":{},"childAssets":{}},"component---src-pages-team-js":{"chunks":[0,1,8],"assets":["0-693bca45f286ab87a562.js","0-693bca45f286ab87a562.js.map","1.57633bfdcfa46199654b.css","1-0844dad83056777be838.js","1-0844dad83056777be838.js.map","component---src-pages-team-js.87a1adce03b9fdd22e16.css","component---src-pages-team-js-43058d2de66938708c91.js","component---src-pages-team-js-43058d2de66938708c91.js.map"],"children":{},"childAssets":{}},"pages-manifest":{"chunks":[9],"assets":["pages-manifest-a2e2af5bf61a635b5486.js","pages-manifest-a2e2af5bf61a635b5486.js.map"],"children":{},"childAssets":{}}},"assetsByChunkName":{"app":["webpack-runtime-0cd6e42ed30a874ee516.js","app-c56d0018986086f96807.js"],"component---src-pages-404-js":["0-693bca45f286ab87a562.js","1.57633bfdcfa46199654b.css","1-0844dad83056777be838.js","component---src-pages-404-js.0d11b386d24ab609b2e2.css","component---src-pages-404-js-4100d87d5cc198c80fb7.js"],"component---src-pages-about-js":["0-693bca45f286ab87a562.js","1.57633bfdcfa46199654b.css","1-0844dad83056777be838.js","component---src-pages-about-js.dc47f3475afd7dbfd330.css","component---src-pages-about-js-a53be1085006e2f0750a.js"],"component---src-pages-gallery-js":["0-693bca45f286ab87a562.js","12.44c4bf26a1924d9994f3.css","12-aa4255b92ad1a70f595d.js","1.57633bfdcfa46199654b.css","1-0844dad83056777be838.js","component---src-pages-gallery-js.2b34b440fb6831c2ab35.css","component---src-pages-gallery-js-c155dbcb4bcb59be7825.js"],"component---src-pages-index-js":["0-693bca45f286ab87a562.js","1.57633bfdcfa46199654b.css","1-0844dad83056777be838.js","component---src-pages-index-js.4913b07e2885808baeb6.css","component---src-pages-index-js-3974ab701f8632918dfa.js"],"component---src-pages-register-js":["0-693bca45f286ab87a562.js","11-7941274deaa7ddba534d.js","1.57633bfdcfa46199654b.css","1-0844dad83056777be838.js","component---src-pages-register-js.b167a942710f5f6f040f.css","component---src-pages-register-js-ec9edbba7a3cd74f5f82.js"],"component---src-pages-team-js":["0-693bca45f286ab87a562.js","1.57633bfdcfa46199654b.css","1-0844dad83056777be838.js","component---src-pages-team-js.87a1adce03b9fdd22e16.css","component---src-pages-team-js-43058d2de66938708c91.js"],"pages-manifest":["pages-manifest-a2e2af5bf61a635b5486.js"]}}